path,is_pack
part_1/09/212845_О376ТН47/FrontJPG/front0.jpg,0
part_1/09/212845_О376ТН47/FrontJPG/front1.jpg,0
part_1/09/212845_О376ТН47/FrontJPG/front10.jpg,1
part_1/09/212845_О376ТН47/FrontJPG/front11.jpg,1
part_1/09/212845_О376ТН47/FrontJPG/front12.jpg,1
part_1/09/212845_О376ТН47/FrontJPG/front13.jpg,1
part_1/09/212845_О376ТН47/FrontJPG/front14.jpg,1
part_1/09/212845_О376ТН47/FrontJPG/front15.jpg,1
part_1/09/212845_О376ТН47/FrontJPG/front16.jpg,1
part_1/09/212845_О376ТН47/FrontJPG/front17.jpg,1
part_1/09/212845_О376ТН47/FrontJPG/front18.jpg,1
part_1/09/212845_О376ТН47/FrontJPG/front19.jpg,1
part_1/09/212845_О376ТН47/FrontJPG/front2.jpg,0
part_1/09/212845_О376ТН47/FrontJPG/front20.jpg,1
part_1/09/212845_О376ТН47/FrontJPG/front21.jpg,1
part_1/09/212845_О376ТН47/FrontJPG/front22.jpg,1
part_1/09/212845_О376ТН47/FrontJPG/front23.jpg,1
part_1/09/212845_О376ТН47/FrontJPG/front24.jpg,1
part_1/09/212845_О376ТН47/FrontJPG/front25.jpg,1
part_1/09/212845_О376ТН47/FrontJPG/front26.jpg,1
part_1/09/212845_О376ТН47/FrontJPG/front27.jpg,1
part_1/09/212845_О376ТН47/FrontJPG/front28.jpg,1
part_1/09/212845_О376ТН47/FrontJPG/front29.jpg,1
part_1/09/212845_О376ТН47/FrontJPG/front3.jpg,0
part_1/09/212845_О376ТН47/FrontJPG/front30.jpg,1
part_1/09/212845_О376ТН47/FrontJPG/front31.jpg,1
part_1/09/212845_О376ТН47/FrontJPG/front32.jpg,1
part_1/09/212845_О376ТН47/FrontJPG/front33.jpg,1
part_1/09/212845_О376ТН47/FrontJPG/front34.jpg,1
part_1/09/212845_О376ТН47/FrontJPG/front35.jpg,1
part_1/09/212845_О376ТН47/FrontJPG/front36.jpg,1
part_1/09/212845_О376ТН47/FrontJPG/front37.jpg,1
part_1/09/212845_О376ТН47/FrontJPG/front38.jpg,1
part_1/09/212845_О376ТН47/FrontJPG/front39.jpg,1
part_1/09/212845_О376ТН47/FrontJPG/front4.jpg,0
part_1/09/212845_О376ТН47/FrontJPG/front40.jpg,1
part_1/09/212845_О376ТН47/FrontJPG/front41.jpg,1
part_1/09/212845_О376ТН47/FrontJPG/front42.jpg,1
part_1/09/212845_О376ТН47/FrontJPG/front43.jpg,1
part_1/09/212845_О376ТН47/FrontJPG/front44.jpg,1
part_1/09/212845_О376ТН47/FrontJPG/front45.jpg,1
part_1/09/212845_О376ТН47/FrontJPG/front46.jpg,1
part_1/09/212845_О376ТН47/FrontJPG/front47.jpg,1
part_1/09/212845_О376ТН47/FrontJPG/front48.jpg,1
part_1/09/212845_О376ТН47/FrontJPG/front49.jpg,1
part_1/09/212845_О376ТН47/FrontJPG/front5.jpg,0
part_1/09/212845_О376ТН47/FrontJPG/front50.jpg,1
part_1/09/212845_О376ТН47/FrontJPG/front51.jpg,1
part_1/09/212845_О376ТН47/FrontJPG/front52.jpg,1
part_1/09/212845_О376ТН47/FrontJPG/front53.jpg,0
part_1/09/212845_О376ТН47/FrontJPG/front54.jpg,0
part_1/09/212845_О376ТН47/FrontJPG/front55.jpg,0
part_1/09/212845_О376ТН47/FrontJPG/front56.jpg,0
part_1/09/212845_О376ТН47/FrontJPG/front57.jpg,0
part_1/09/212845_О376ТН47/FrontJPG/front58.jpg,0
part_1/09/212845_О376ТН47/FrontJPG/front59.jpg,0
part_1/09/212845_О376ТН47/FrontJPG/front6.jpg,0
part_1/09/212845_О376ТН47/FrontJPG/front60.jpg,0
part_1/09/212845_О376ТН47/FrontJPG/front61.jpg,0
part_1/09/212845_О376ТН47/FrontJPG/front62.jpg,0
part_1/09/212845_О376ТН47/FrontJPG/front63.jpg,0
part_1/09/212845_О376ТН47/FrontJPG/front64.jpg,0
part_1/09/212845_О376ТН47/FrontJPG/front65.jpg,0
part_1/09/212845_О376ТН47/FrontJPG/front66.jpg,0
part_1/09/212845_О376ТН47/FrontJPG/front67.jpg,0
part_1/09/212845_О376ТН47/FrontJPG/front68.jpg,0
part_1/09/212845_О376ТН47/FrontJPG/front7.jpg,0
part_1/09/212845_О376ТН47/FrontJPG/front8.jpg,0
part_1/09/212845_О376ТН47/FrontJPG/front9.jpg,0
part_1/21/224923_М636МВ10/FrontJPG/front0.jpg,0
part_1/21/224923_М636МВ10/FrontJPG/front1.jpg,0
part_1/21/224923_М636МВ10/FrontJPG/front10.jpg,1
part_1/21/224923_М636МВ10/FrontJPG/front11.jpg,1
part_1/21/224923_М636МВ10/FrontJPG/front12.jpg,1
part_1/21/224923_М636МВ10/FrontJPG/front13.jpg,0
part_1/21/224923_М636МВ10/FrontJPG/front14.jpg,0
part_1/21/224923_М636МВ10/FrontJPG/front15.jpg,0
part_1/21/224923_М636МВ10/FrontJPG/front16.jpg,0
part_1/21/224923_М636МВ10/FrontJPG/front17.jpg,0
part_1/21/224923_М636МВ10/FrontJPG/front18.jpg,0
part_1/21/224923_М636МВ10/FrontJPG/front19.jpg,1
part_1/21/224923_М636МВ10/FrontJPG/front2.jpg,1
part_1/21/224923_М636МВ10/FrontJPG/front20.jpg,1
part_1/21/224923_М636МВ10/FrontJPG/front21.jpg,1
part_1/21/224923_М636МВ10/FrontJPG/front22.jpg,1
part_1/21/224923_М636МВ10/FrontJPG/front23.jpg,1
part_1/21/224923_М636МВ10/FrontJPG/front24.jpg,1
part_1/21/224923_М636МВ10/FrontJPG/front25.jpg,1
part_1/21/224923_М636МВ10/FrontJPG/front26.jpg,1
part_1/21/224923_М636МВ10/FrontJPG/front27.jpg,1
part_1/21/224923_М636МВ10/FrontJPG/front28.jpg,1
part_1/21/224923_М636МВ10/FrontJPG/front29.jpg,1
part_1/21/224923_М636МВ10/FrontJPG/front3.jpg,1
part_1/21/224923_М636МВ10/FrontJPG/front30.jpg,1
part_1/21/224923_М636МВ10/FrontJPG/front31.jpg,0
part_1/21/224923_М636МВ10/FrontJPG/front32.jpg,1
part_1/21/224923_М636МВ10/FrontJPG/front33.jpg,1
part_1/21/224923_М636МВ10/FrontJPG/front34.jpg,0
part_1/21/224923_М636МВ10/FrontJPG/front35.jpg,0
part_1/21/224923_М636МВ10/FrontJPG/front36.jpg,0
part_1/21/224923_М636МВ10/FrontJPG/front37.jpg,0
part_1/21/224923_М636МВ10/FrontJPG/front38.jpg,0
part_1/21/224923_М636МВ10/FrontJPG/front39.jpg,0
part_1/21/224923_М636МВ10/FrontJPG/front4.jpg,1
part_1/21/224923_М636МВ10/FrontJPG/front40.jpg,0
part_1/21/224923_М636МВ10/FrontJPG/front41.jpg,0
part_1/21/224923_М636МВ10/FrontJPG/front42.jpg,0
part_1/21/224923_М636МВ10/FrontJPG/front43.jpg,0
part_1/21/224923_М636МВ10/FrontJPG/front44.jpg,0
part_1/21/224923_М636МВ10/FrontJPG/front45.jpg,0
part_1/21/224923_М636МВ10/FrontJPG/front46.jpg,0
part_1/21/224923_М636МВ10/FrontJPG/front47.jpg,0
part_1/21/224923_М636МВ10/FrontJPG/front48.jpg,0
part_1/21/224923_М636МВ10/FrontJPG/front49.jpg,0
part_1/21/224923_М636МВ10/FrontJPG/front5.jpg,1
part_1/21/224923_М636МВ10/FrontJPG/front50.jpg,0
part_1/21/224923_М636МВ10/FrontJPG/front51.jpg,0
part_1/21/224923_М636МВ10/FrontJPG/front6.jpg,1
part_1/21/224923_М636МВ10/FrontJPG/front7.jpg,1
part_1/21/224923_М636МВ10/FrontJPG/front8.jpg,1
part_1/21/224923_М636МВ10/FrontJPG/front9.jpg,1
part_1/05/062112_м475рр10/FrontJPG/front0.jpg,0
part_1/05/062112_м475рр10/FrontJPG/front1.jpg,0
part_1/05/062112_м475рр10/FrontJPG/front10.jpg,1
part_1/05/062112_м475рр10/FrontJPG/front100.jpg,0
part_1/05/062112_м475рр10/FrontJPG/front101.jpg,0
part_1/05/062112_м475рр10/FrontJPG/front102.jpg,0
part_1/05/062112_м475рр10/FrontJPG/front11.jpg,1
part_1/05/062112_м475рр10/FrontJPG/front12.jpg,1
part_1/05/062112_м475рр10/FrontJPG/front13.jpg,1
part_1/05/062112_м475рр10/FrontJPG/front14.jpg,1
part_1/05/062112_м475рр10/FrontJPG/front15.jpg,1
part_1/05/062112_м475рр10/FrontJPG/front16.jpg,1
part_1/05/062112_м475рр10/FrontJPG/front17.jpg,1
part_1/05/062112_м475рр10/FrontJPG/front18.jpg,1
part_1/05/062112_м475рр10/FrontJPG/front19.jpg,1
part_1/05/062112_м475рр10/FrontJPG/front2.jpg,0
part_1/05/062112_м475рр10/FrontJPG/front20.jpg,1
part_1/05/062112_м475рр10/FrontJPG/front21.jpg,1
part_1/05/062112_м475рр10/FrontJPG/front22.jpg,1
part_1/05/062112_м475рр10/FrontJPG/front23.jpg,1
part_1/05/062112_м475рр10/FrontJPG/front24.jpg,1
part_1/05/062112_м475рр10/FrontJPG/front25.jpg,1
part_1/05/062112_м475рр10/FrontJPG/front26.jpg,1
part_1/05/062112_м475рр10/FrontJPG/front27.jpg,1
part_1/05/062112_м475рр10/FrontJPG/front28.jpg,1
part_1/05/062112_м475рр10/FrontJPG/front29.jpg,1
part_1/05/062112_м475рр10/FrontJPG/front3.jpg,0
part_1/05/062112_м475рр10/FrontJPG/front30.jpg,1
part_1/05/062112_м475рр10/FrontJPG/front31.jpg,1
part_1/05/062112_м475рр10/FrontJPG/front32.jpg,1
part_1/05/062112_м475рр10/FrontJPG/front33.jpg,1
part_1/05/062112_м475рр10/FrontJPG/front34.jpg,1
part_1/05/062112_м475рр10/FrontJPG/front35.jpg,1
part_1/05/062112_м475рр10/FrontJPG/front36.jpg,1
part_1/05/062112_м475рр10/FrontJPG/front37.jpg,1
part_1/05/062112_м475рр10/FrontJPG/front38.jpg,1
part_1/05/062112_м475рр10/FrontJPG/front39.jpg,1
part_1/05/062112_м475рр10/FrontJPG/front4.jpg,0
part_1/05/062112_м475рр10/FrontJPG/front40.jpg,1
part_1/05/062112_м475рр10/FrontJPG/front41.jpg,1
part_1/05/062112_м475рр10/FrontJPG/front42.jpg,1
part_1/05/062112_м475рр10/FrontJPG/front43.jpg,1
part_1/05/062112_м475рр10/FrontJPG/front44.jpg,1
part_1/05/062112_м475рр10/FrontJPG/front45.jpg,1
part_1/05/062112_м475рр10/FrontJPG/front46.jpg,1
part_1/05/062112_м475рр10/FrontJPG/front47.jpg,1
part_1/05/062112_м475рр10/FrontJPG/front48.jpg,1
part_1/05/062112_м475рр10/FrontJPG/front49.jpg,1
part_1/05/062112_м475рр10/FrontJPG/front5.jpg,0
part_1/05/062112_м475рр10/FrontJPG/front50.jpg,1
part_1/05/062112_м475рр10/FrontJPG/front51.jpg,1
part_1/05/062112_м475рр10/FrontJPG/front52.jpg,1
part_1/05/062112_м475рр10/FrontJPG/front53.jpg,1
part_1/05/062112_м475рр10/FrontJPG/front54.jpg,1
part_1/05/062112_м475рр10/FrontJPG/front55.jpg,1
part_1/05/062112_м475рр10/FrontJPG/front56.jpg,1
part_1/05/062112_м475рр10/FrontJPG/front57.jpg,1
part_1/05/062112_м475рр10/FrontJPG/front58.jpg,1
part_1/05/062112_м475рр10/FrontJPG/front59.jpg,1
part_1/05/062112_м475рр10/FrontJPG/front6.jpg,0
part_1/05/062112_м475рр10/FrontJPG/front60.jpg,1
part_1/05/062112_м475рр10/FrontJPG/front61.jpg,1
part_1/05/062112_м475рр10/FrontJPG/front62.jpg,1
part_1/05/062112_м475рр10/FrontJPG/front63.jpg,1
part_1/05/062112_м475рр10/FrontJPG/front64.jpg,1
part_1/05/062112_м475рр10/FrontJPG/front65.jpg,1
part_1/05/062112_м475рр10/FrontJPG/front66.jpg,1
part_1/05/062112_м475рр10/FrontJPG/front67.jpg,1
part_1/05/062112_м475рр10/FrontJPG/front68.jpg,1
part_1/05/062112_м475рр10/FrontJPG/front69.jpg,1
part_1/05/062112_м475рр10/FrontJPG/front7.jpg,0
part_1/05/062112_м475рр10/FrontJPG/front70.jpg,1
part_1/05/062112_м475рр10/FrontJPG/front71.jpg,1
part_1/05/062112_м475рр10/FrontJPG/front72.jpg,1
part_1/05/062112_м475рр10/FrontJPG/front73.jpg,1
part_1/05/062112_м475рр10/FrontJPG/front74.jpg,1
part_1/05/062112_м475рр10/FrontJPG/front75.jpg,1
part_1/05/062112_м475рр10/FrontJPG/front76.jpg,1
part_1/05/062112_м475рр10/FrontJPG/front77.jpg,1
part_1/05/062112_м475рр10/FrontJPG/front78.jpg,1
part_1/05/062112_м475рр10/FrontJPG/front79.jpg,1
part_1/05/062112_м475рр10/FrontJPG/front8.jpg,0
part_1/05/062112_м475рр10/FrontJPG/front80.jpg,1
part_1/05/062112_м475рр10/FrontJPG/front81.jpg,1
part_1/05/062112_м475рр10/FrontJPG/front82.jpg,1
part_1/05/062112_м475рр10/FrontJPG/front83.jpg,0
part_1/05/062112_м475рр10/FrontJPG/front84.jpg,1
part_1/05/062112_м475рр10/FrontJPG/front85.jpg,1
part_1/05/062112_м475рр10/FrontJPG/front86.jpg,0
part_1/05/062112_м475рр10/FrontJPG/front87.jpg,0
part_1/05/062112_м475рр10/FrontJPG/front88.jpg,0
part_1/05/062112_м475рр10/FrontJPG/front89.jpg,0
part_1/05/062112_м475рр10/FrontJPG/front9.jpg,1
part_1/05/062112_м475рр10/FrontJPG/front90.jpg,0
part_1/05/062112_м475рр10/FrontJPG/front91.jpg,0
part_1/05/062112_м475рр10/FrontJPG/front92.jpg,0
part_1/05/062112_м475рр10/FrontJPG/front93.jpg,0
part_1/05/062112_м475рр10/FrontJPG/front94.jpg,0
part_1/05/062112_м475рр10/FrontJPG/front95.jpg,0
part_1/05/062112_м475рр10/FrontJPG/front96.jpg,0
part_1/05/062112_м475рр10/FrontJPG/front97.jpg,0
part_1/05/062112_м475рр10/FrontJPG/front98.jpg,0
part_1/05/062112_м475рр10/FrontJPG/front99.jpg,0
part_1/15/161657_М493ЕЕ10/FrontJPG/front0.jpg,0
part_1/15/161657_М493ЕЕ10/FrontJPG/front1.jpg,0
part_1/15/161657_М493ЕЕ10/FrontJPG/front10.jpg,1
part_1/15/161657_М493ЕЕ10/FrontJPG/front11.jpg,1
part_1/15/161657_М493ЕЕ10/FrontJPG/front12.jpg,1
part_1/15/161657_М493ЕЕ10/FrontJPG/front13.jpg,1
part_1/15/161657_М493ЕЕ10/FrontJPG/front14.jpg,1
part_1/15/161657_М493ЕЕ10/FrontJPG/front15.jpg,0
part_1/15/161657_М493ЕЕ10/FrontJPG/front16.jpg,0
part_1/15/161657_М493ЕЕ10/FrontJPG/front17.jpg,0
part_1/15/161657_М493ЕЕ10/FrontJPG/front18.jpg,0
part_1/15/161657_М493ЕЕ10/FrontJPG/front19.jpg,1
part_1/15/161657_М493ЕЕ10/FrontJPG/front2.jpg,0
part_1/15/161657_М493ЕЕ10/FrontJPG/front20.jpg,1
part_1/15/161657_М493ЕЕ10/FrontJPG/front21.jpg,1
part_1/15/161657_М493ЕЕ10/FrontJPG/front22.jpg,1
part_1/15/161657_М493ЕЕ10/FrontJPG/front23.jpg,1
part_1/15/161657_М493ЕЕ10/FrontJPG/front24.jpg,1
part_1/15/161657_М493ЕЕ10/FrontJPG/front25.jpg,1
part_1/15/161657_М493ЕЕ10/FrontJPG/front26.jpg,1
part_1/15/161657_М493ЕЕ10/FrontJPG/front27.jpg,1
part_1/15/161657_М493ЕЕ10/FrontJPG/front28.jpg,1
part_1/15/161657_М493ЕЕ10/FrontJPG/front29.jpg,1
part_1/15/161657_М493ЕЕ10/FrontJPG/front3.jpg,1
part_1/15/161657_М493ЕЕ10/FrontJPG/front30.jpg,1
part_1/15/161657_М493ЕЕ10/FrontJPG/front31.jpg,1
part_1/15/161657_М493ЕЕ10/FrontJPG/front32.jpg,1
part_1/15/161657_М493ЕЕ10/FrontJPG/front33.jpg,0
part_1/15/161657_М493ЕЕ10/FrontJPG/front34.jpg,0
part_1/15/161657_М493ЕЕ10/FrontJPG/front35.jpg,0
part_1/15/161657_М493ЕЕ10/FrontJPG/front36.jpg,0
part_1/15/161657_М493ЕЕ10/FrontJPG/front37.jpg,0
part_1/15/161657_М493ЕЕ10/FrontJPG/front38.jpg,0
part_1/15/161657_М493ЕЕ10/FrontJPG/front39.jpg,0
part_1/15/161657_М493ЕЕ10/FrontJPG/front4.jpg,0
part_1/15/161657_М493ЕЕ10/FrontJPG/front40.jpg,0
part_1/15/161657_М493ЕЕ10/FrontJPG/front41.jpg,0
part_1/15/161657_М493ЕЕ10/FrontJPG/front42.jpg,0
part_1/15/161657_М493ЕЕ10/FrontJPG/front43.jpg,0
part_1/15/161657_М493ЕЕ10/FrontJPG/front44.jpg,0
part_1/15/161657_М493ЕЕ10/FrontJPG/front45.jpg,0
part_1/15/161657_М493ЕЕ10/FrontJPG/front46.jpg,0
part_1/15/161657_М493ЕЕ10/FrontJPG/front47.jpg,0
part_1/15/161657_М493ЕЕ10/FrontJPG/front48.jpg,0
part_1/15/161657_М493ЕЕ10/FrontJPG/front49.jpg,0
part_1/15/161657_М493ЕЕ10/FrontJPG/front5.jpg,1
part_1/15/161657_М493ЕЕ10/FrontJPG/front50.jpg,0
part_1/15/161657_М493ЕЕ10/FrontJPG/front51.jpg,0
part_1/15/161657_М493ЕЕ10/FrontJPG/front6.jpg,1
part_1/15/161657_М493ЕЕ10/FrontJPG/front7.jpg,1
part_1/15/161657_М493ЕЕ10/FrontJPG/front8.jpg,1
part_1/15/161657_М493ЕЕ10/FrontJPG/front9.jpg,1
part_1/06/131352_М136НС10/FrontJPG/front0.jpg,0
part_1/06/131352_М136НС10/FrontJPG/front1.jpg,0
part_1/06/131352_М136НС10/FrontJPG/front10.jpg,1
part_1/06/131352_М136НС10/FrontJPG/front11.jpg,1
part_1/06/131352_М136НС10/FrontJPG/front12.jpg,1
part_1/06/131352_М136НС10/FrontJPG/front13.jpg,1
part_1/06/131352_М136НС10/FrontJPG/front14.jpg,1
part_1/06/131352_М136НС10/FrontJPG/front15.jpg,1
part_1/06/131352_М136НС10/FrontJPG/front16.jpg,1
part_1/06/131352_М136НС10/FrontJPG/front17.jpg,0
part_1/06/131352_М136НС10/FrontJPG/front18.jpg,0
part_1/06/131352_М136НС10/FrontJPG/front19.jpg,0
part_1/06/131352_М136НС10/FrontJPG/front2.jpg,0
part_1/06/131352_М136НС10/FrontJPG/front20.jpg,0
part_1/06/131352_М136НС10/FrontJPG/front21.jpg,0
part_1/06/131352_М136НС10/FrontJPG/front22.jpg,0
part_1/06/131352_М136НС10/FrontJPG/front23.jpg,0
part_1/06/131352_М136НС10/FrontJPG/front24.jpg,0
part_1/06/131352_М136НС10/FrontJPG/front25.jpg,0
part_1/06/131352_М136НС10/FrontJPG/front26.jpg,0
part_1/06/131352_М136НС10/FrontJPG/front27.jpg,0
part_1/06/131352_М136НС10/FrontJPG/front28.jpg,0
part_1/06/131352_М136НС10/FrontJPG/front29.jpg,0
part_1/06/131352_М136НС10/FrontJPG/front3.jpg,0
part_1/06/131352_М136НС10/FrontJPG/front30.jpg,1
part_1/06/131352_М136НС10/FrontJPG/front31.jpg,0
part_1/06/131352_М136НС10/FrontJPG/front32.jpg,1
part_1/06/131352_М136НС10/FrontJPG/front33.jpg,1
part_1/06/131352_М136НС10/FrontJPG/front34.jpg,1
part_1/06/131352_М136НС10/FrontJPG/front35.jpg,1
part_1/06/131352_М136НС10/FrontJPG/front36.jpg,1
part_1/06/131352_М136НС10/FrontJPG/front37.jpg,1
part_1/06/131352_М136НС10/FrontJPG/front38.jpg,1
part_1/06/131352_М136НС10/FrontJPG/front39.jpg,1
part_1/06/131352_М136НС10/FrontJPG/front4.jpg,1
part_1/06/131352_М136НС10/FrontJPG/front40.jpg,1
part_1/06/131352_М136НС10/FrontJPG/front41.jpg,1
part_1/06/131352_М136НС10/FrontJPG/front42.jpg,1
part_1/06/131352_М136НС10/FrontJPG/front43.jpg,1
part_1/06/131352_М136НС10/FrontJPG/front44.jpg,1
part_1/06/131352_М136НС10/FrontJPG/front45.jpg,1
part_1/06/131352_М136НС10/FrontJPG/front46.jpg,1
part_1/06/131352_М136НС10/FrontJPG/front47.jpg,1
part_1/06/131352_М136НС10/FrontJPG/front48.jpg,1
part_1/06/131352_М136НС10/FrontJPG/front49.jpg,1
part_1/06/131352_М136НС10/FrontJPG/front5.jpg,1
part_1/06/131352_М136НС10/FrontJPG/front50.jpg,1
part_1/06/131352_М136НС10/FrontJPG/front51.jpg,1
part_1/06/131352_М136НС10/FrontJPG/front52.jpg,1
part_1/06/131352_М136НС10/FrontJPG/front53.jpg,0
part_1/06/131352_М136НС10/FrontJPG/front54.jpg,0
part_1/06/131352_М136НС10/FrontJPG/front55.jpg,0
part_1/06/131352_М136НС10/FrontJPG/front56.jpg,0
part_1/06/131352_М136НС10/FrontJPG/front57.jpg,0
part_1/06/131352_М136НС10/FrontJPG/front58.jpg,0
part_1/06/131352_М136НС10/FrontJPG/front59.jpg,0
part_1/06/131352_М136НС10/FrontJPG/front6.jpg,1
part_1/06/131352_М136НС10/FrontJPG/front60.jpg,0
part_1/06/131352_М136НС10/FrontJPG/front61.jpg,0
part_1/06/131352_М136НС10/FrontJPG/front62.jpg,0
part_1/06/131352_М136НС10/FrontJPG/front63.jpg,0
part_1/06/131352_М136НС10/FrontJPG/front64.jpg,0
part_1/06/131352_М136НС10/FrontJPG/front65.jpg,0
part_1/06/131352_М136НС10/FrontJPG/front66.jpg,0
part_1/06/131352_М136НС10/FrontJPG/front67.jpg,0
part_1/06/131352_М136НС10/FrontJPG/front7.jpg,1
part_1/06/131352_М136НС10/FrontJPG/front8.jpg,1
part_1/06/131352_М136НС10/FrontJPG/front9.jpg,1
part_1/30/173809_В712УМ47/FrontJPG/front0.jpg,0
part_1/30/173809_В712УМ47/FrontJPG/front1.jpg,0
part_1/30/173809_В712УМ47/FrontJPG/front10.jpg,1
part_1/30/173809_В712УМ47/FrontJPG/front11.jpg,1
part_1/30/173809_В712УМ47/FrontJPG/front12.jpg,1
part_1/30/173809_В712УМ47/FrontJPG/front13.jpg,1
part_1/30/173809_В712УМ47/FrontJPG/front14.jpg,1
part_1/30/173809_В712УМ47/FrontJPG/front15.jpg,1
part_1/30/173809_В712УМ47/FrontJPG/front16.jpg,1
part_1/30/173809_В712УМ47/FrontJPG/front17.jpg,1
part_1/30/173809_В712УМ47/FrontJPG/front18.jpg,1
part_1/30/173809_В712УМ47/FrontJPG/front19.jpg,1
part_1/30/173809_В712УМ47/FrontJPG/front2.jpg,0
part_1/30/173809_В712УМ47/FrontJPG/front20.jpg,1
part_1/30/173809_В712УМ47/FrontJPG/front21.jpg,1
part_1/30/173809_В712УМ47/FrontJPG/front22.jpg,1
part_1/30/173809_В712УМ47/FrontJPG/front23.jpg,1
part_1/30/173809_В712УМ47/FrontJPG/front24.jpg,1
part_1/30/173809_В712УМ47/FrontJPG/front25.jpg,1
part_1/30/173809_В712УМ47/FrontJPG/front26.jpg,1
part_1/30/173809_В712УМ47/FrontJPG/front27.jpg,1
part_1/30/173809_В712УМ47/FrontJPG/front28.jpg,0
part_1/30/173809_В712УМ47/FrontJPG/front29.jpg,0
part_1/30/173809_В712УМ47/FrontJPG/front3.jpg,0
part_1/30/173809_В712УМ47/FrontJPG/front30.jpg,0
part_1/30/173809_В712УМ47/FrontJPG/front31.jpg,0
part_1/30/173809_В712УМ47/FrontJPG/front32.jpg,0
part_1/30/173809_В712УМ47/FrontJPG/front33.jpg,0
part_1/30/173809_В712УМ47/FrontJPG/front34.jpg,0
part_1/30/173809_В712УМ47/FrontJPG/front35.jpg,0
part_1/30/173809_В712УМ47/FrontJPG/front36.jpg,0
part_1/30/173809_В712УМ47/FrontJPG/front37.jpg,0
part_1/30/173809_В712УМ47/FrontJPG/front38.jpg,0
part_1/30/173809_В712УМ47/FrontJPG/front39.jpg,1
part_1/30/173809_В712УМ47/FrontJPG/front4.jpg,0
part_1/30/173809_В712УМ47/FrontJPG/front40.jpg,1
part_1/30/173809_В712УМ47/FrontJPG/front41.jpg,1
part_1/30/173809_В712УМ47/FrontJPG/front42.jpg,1
part_1/30/173809_В712УМ47/FrontJPG/front43.jpg,1
part_1/30/173809_В712УМ47/FrontJPG/front44.jpg,1
part_1/30/173809_В712УМ47/FrontJPG/front45.jpg,1
part_1/30/173809_В712УМ47/FrontJPG/front46.jpg,1
part_1/30/173809_В712УМ47/FrontJPG/front47.jpg,1
part_1/30/173809_В712УМ47/FrontJPG/front48.jpg,1
part_1/30/173809_В712УМ47/FrontJPG/front49.jpg,1
part_1/30/173809_В712УМ47/FrontJPG/front5.jpg,1
part_1/30/173809_В712УМ47/FrontJPG/front50.jpg,1
part_1/30/173809_В712УМ47/FrontJPG/front51.jpg,1
part_1/30/173809_В712УМ47/FrontJPG/front52.jpg,1
part_1/30/173809_В712УМ47/FrontJPG/front53.jpg,1
part_1/30/173809_В712УМ47/FrontJPG/front54.jpg,1
part_1/30/173809_В712УМ47/FrontJPG/front55.jpg,1
part_1/30/173809_В712УМ47/FrontJPG/front56.jpg,1
part_1/30/173809_В712УМ47/FrontJPG/front57.jpg,1
part_1/30/173809_В712УМ47/FrontJPG/front58.jpg,0
part_1/30/173809_В712УМ47/FrontJPG/front59.jpg,0
part_1/30/173809_В712УМ47/FrontJPG/front6.jpg,1
part_1/30/173809_В712УМ47/FrontJPG/front60.jpg,1
part_1/30/173809_В712УМ47/FrontJPG/front61.jpg,1
part_1/30/173809_В712УМ47/FrontJPG/front62.jpg,1
part_1/30/173809_В712УМ47/FrontJPG/front63.jpg,1
part_1/30/173809_В712УМ47/FrontJPG/front64.jpg,1
part_1/30/173809_В712УМ47/FrontJPG/front65.jpg,1
part_1/30/173809_В712УМ47/FrontJPG/front66.jpg,1
part_1/30/173809_В712УМ47/FrontJPG/front67.jpg,1
part_1/30/173809_В712УМ47/FrontJPG/front68.jpg,1
part_1/30/173809_В712УМ47/FrontJPG/front69.jpg,0
part_1/30/173809_В712УМ47/FrontJPG/front7.jpg,1
part_1/30/173809_В712УМ47/FrontJPG/front70.jpg,1
part_1/30/173809_В712УМ47/FrontJPG/front71.jpg,1
part_1/30/173809_В712УМ47/FrontJPG/front72.jpg,0
part_1/30/173809_В712УМ47/FrontJPG/front73.jpg,0
part_1/30/173809_В712УМ47/FrontJPG/front74.jpg,0
part_1/30/173809_В712УМ47/FrontJPG/front75.jpg,0
part_1/30/173809_В712УМ47/FrontJPG/front76.jpg,0
part_1/30/173809_В712УМ47/FrontJPG/front77.jpg,0
part_1/30/173809_В712УМ47/FrontJPG/front78.jpg,0
part_1/30/173809_В712УМ47/FrontJPG/front79.jpg,0
part_1/30/173809_В712УМ47/FrontJPG/front8.jpg,1
part_1/30/173809_В712УМ47/FrontJPG/front80.jpg,0
part_1/30/173809_В712УМ47/FrontJPG/front81.jpg,0
part_1/30/173809_В712УМ47/FrontJPG/front82.jpg,0
part_1/30/173809_В712УМ47/FrontJPG/front83.jpg,0
part_1/30/173809_В712УМ47/FrontJPG/front84.jpg,0
part_1/30/173809_В712УМ47/FrontJPG/front85.jpg,0
part_1/30/173809_В712УМ47/FrontJPG/front9.jpg,1
